pT_center,bin_width,efficiency,efficiency_error,n_seed_per_track,n_total_tracks,n_efficient_tracks,track_hit_efficiency,track_hit_efficiency_error
0.0995,0.201,0.9383457166756877,0.0016872100602291266,1.0,20323,19070,0.9536543597276496,0.0007451347203446061
0.30000000000000004,0.2,0.9790027406948988,0.0009532520777696933,1.0,22622,22147,0.980218282294096,0.0004936845224692457
0.5,0.19999999999999996,0.9929745679359281,0.000700071021928737,1.0,14234,14134,0.9911427111300481,0.00036360752664725446
0.7,0.20000000000000007,0.9923457183862223,0.0011005640387715735,1.0,6271,6223,0.9917122427592557,0.0005786464988460477
0.9,0.19999999999999996,0.9941605839416059,0.0014555854264713796,1.0,2740,2724,0.9940912647826932,0.0006640792239624216
1.1,0.19999999999999996,0.9949664429530202,0.002049762703247956,1.0,1192,1186,0.9930615711920627,0.0010211542398396122
1.2999999999999998,0.19999999999999996,0.9908088235294118,0.004091485677256632,1.0,544,539,0.9927191749354634,0.0017921505785162472
1.5,0.20000000000000018,0.9900990099009901,0.005687970194271548,1.0,303,300,0.9947910721321311,0.00163550241984229
1.7000000000000002,0.19999999999999996,0.9931972789115646,0.006779543095709868,1.0,147,146,0.9907040267708087,0.0036636311379656867
1.9,0.19999999999999996,0.9873417721518988,0.01257785733490808,1.0,79,78,0.996244982356599,0.0013690848737034518
2.1,0.20000000000000018,0.9795918367346939,0.02019884323695485,1.0,49,48,0.9926830845198192,0.004229117021081605
2.3,0.19999999999999973,1.0,0.0,1.0,26,26,0.9928888678888679,0.006263241058905757
2.5,0.20000000000000018,0.875,0.08267972847076846,1.0,16,14,0.9597147613451962,0.028257274144741405
2.7,0.19999999999999973,1.0,0.0,1.0,17,17,0.9932391857332343,0.0032175547382067575
2.9,0.20000000000000018,1.0,0.0,1.0,9,9,1.0,0.0
