pT_center,bin_width,purity,purity_error,fake_rate
0.0995,0.201,0.9766106635887283,0.0005043159693357491,0.07404789255102939
0.30000000000000004,0.2,0.9930621552338134,0.00025793118763070593,0.018109314406965726
0.5,0.19999999999999996,0.99612308835948,0.00023324646188548797,0.004194234404536812
0.7,0.20000000000000007,0.9967234049598667,0.0003339663403049718,0.0034405187243615742
0.9,0.19999999999999996,0.9984609618786494,0.0002997667113823104,0.0008971291866028963
1.1,0.19999999999999996,0.9974639299428196,0.0005423833842930584,0.0
1.2999999999999998,0.19999999999999996,0.9988948285537187,0.00046792972500085266,0.0
1.5,0.20000000000000018,0.9973155210181099,0.001674855075003436,0.0030211480362537513
1.7000000000000002,0.19999999999999996,0.9963839814259575,0.002499133842254658,0.0
1.9,0.19999999999999996,0.998021614464153,0.0015311913532598952,0.0
2.1,0.20000000000000018,0.9905875800612644,0.008602727342209479,0.0
2.3,0.19999999999999973,1.0,0.0,0.0
2.5,0.20000000000000018,0.9725829725829725,0.027417027417027423,0.0
2.7,0.19999999999999973,1.0,0.0,0.0
2.9,0.20000000000000018,1.0,0.0,0.0
